session,duration_s,actual_dur_s,baseline,outage_start_s,pos_err_m,vel_err_ms,head_err_deg
S-Vw4.parquet,30,36.0,gyro_only,3312.9,189.64514191160328,6.347623395208746,38.218302977730815
S-Vw4.parquet,30,36.0,zupt_v1,3312.9,519.1032193253455,3.9055555555555554,38.218302977730815
S-Vw4.parquet,30,36.1,gyro_only,4401.9,428.2799421785269,38.016393587793395,35.3203141340949
S-Vw4.parquet,30,36.1,zupt_v1,4401.9,1064.9682253829108,8.358333333333333,35.3203141340949
S-Vw4.parquet,30,36.0,gyro_only,5922.9,142.58196951504183,41.862089977147505,1.928613428936842
S-Vw4.parquet,30,36.0,zupt_v1,5922.9,1004.2287946418699,8.372222222222222,1.928613428936842
S-Vw4.parquet,30,36.0,gyro_only,4203.9,751.1190721640905,28.855263198794777,63.07739338349688
S-Vw4.parquet,30,36.0,zupt_v1,4203.9,926.1373766235853,8.816666666666666,63.07739338349688
S-Vw4.parquet,30,35.9,gyro_only,2152.0,339.2956864742337,1.5675543078580754,21.62582388650489
S-Vw4.parquet,30,35.9,zupt_v1,2152.0,424.0864590844162,3.9166666666666665,21.62582388650489
S-Vw4.parquet,30,35.9,gyro_only,6229.0,648.5487904100215,8.200982380687467,74.36124543908333
S-Vw4.parquet,30,35.9,zupt_v1,6229.0,927.1566526236835,7.174999999999999,74.36124543908333
S-Vw4.parquet,30,36.0,gyro_only,3933.9,536.994967287445,4.238939153317287,19.962681013611814
S-Vw4.parquet,30,36.0,zupt_v1,3933.9,872.0304015205171,9.258333333333333,19.962681013611814
S-Vw4.parquet,30,35.9,gyro_only,2341.0,685.5126911160335,6.041666666666666,15.97520330922427
S-Vw4.parquet,30,35.9,zupt_v1,2341.0,715.6615087802794,6.041666666666666,15.97520330922427
S-Vw4.parquet,60,63.0,gyro_only,7515.9,994.9515673491286,1.5837094816485626,61.58039156475296
S-Vw4.parquet,60,63.0,zupt_v1,7515.9,1132.9285764782126,6.116666666666666,61.58039156475296
S-Vw4.parquet,60,64.1,gyro_only,11214.9,359.9016629148946,1.3259936223472066,132.89168831429186
S-Vw4.parquet,60,64.1,zupt_v1,11214.9,185.09188650698036,3.5833333333333335,132.89168831429186
S-Vw4.parquet,60,63.0,gyro_only,8048.9,595.5532132521262,17.312857244188294,20.341393438949467
S-Vw4.parquet,60,63.0,zupt_v1,8048.9,1289.2106842077987,5.905555555555556,20.341393438949467
S-Vw4.parquet,60,63.0,gyro_only,6732.9,1588.900409776635,6.9285696032523285,27.479669214549034
S-Vw4.parquet,60,63.0,zupt_v1,6732.9,1745.087087963693,7.088881082727749,27.479669214549034
S-Vw4.parquet,60,63.0,gyro_only,6606.9,1502.483219014846,1.4131292145208079,73.24982769888427
S-Vw4.parquet,60,63.0,zupt_v1,6606.9,1684.641490687205,6.358333333333333,73.24982769888427
S-Vw4.parquet,60,63.1,gyro_only,5958.9,804.9435633353878,36.08214027672238,38.85342719952709
S-Vw4.parquet,60,63.1,zupt_v1,5958.9,1812.9623264063102,8.238888888888889,38.85342719952709
S-Vw4.parquet,60,63.0,gyro_only,2529.9,936.2188430720473,5.927843053854742,28.230652496216067
S-Vw4.parquet,60,63.0,zupt_v1,2529.9,1143.421828588983,4.572991997450603,28.230652496216067
S-Vw4.parquet,60,60.9,gyro_only,10813.1,211.93906008018843,11.656367762222565,66.29065803640603
S-Vw4.parquet,60,60.9,zupt_v1,10813.1,363.66450274195824,2.5777777777777775,66.29065803640603
S-Vw4.parquet,120,126.0,gyro_only,2880.9,1667.6419707225812,24.07248761694015,34.93108467209663
S-Vw4.parquet,120,126.0,zupt_v1,2880.9,2944.0889613401164,5.9395647463226195,34.93108467209663
S-Vw4.parquet,120,127.0,gyro_only,11178.9,393.7327959107724,14.792057107059552,119.25988736329157
S-Vw4.parquet,120,127.0,zupt_v1,11178.9,171.54431384125635,3.0527777777777776,119.25988736329157
S-Vw4.parquet,120,125.9,gyro_only,5356.0,5678.542902948569,98.01086862453914,158.7808048778293
S-Vw4.parquet,120,125.9,zupt_v1,5356.0,3729.3152561471816,7.708333333333333,158.7808048778293
S-Vw4.parquet,120,126.1,gyro_only,4068.9,1925.828164445019,4.0777777777777775,131.1391829292935
S-Vw4.parquet,120,126.1,zupt_v1,4068.9,2265.28596723607,4.0777777777777775,131.1391829292935
S-Vw4.parquet,120,127.1,gyro_only,1340.9,2553.0542318079933,30.984133898041538,104.72476780041183
S-Vw4.parquet,120,127.1,zupt_v1,1340.9,930.7409739275769,5.8805555555555555,104.72476780041183
S-Vw4.parquet,120,126.0,gyro_only,2169.9,519.6041627046968,36.11972890689145,36.28619205140427
S-Vw4.parquet,120,126.0,zupt_v1,2169.9,1628.5429882498418,3.411925935210658,36.28619205140427
S-Vw4.parquet,120,126.0,gyro_only,6498.9,956.5736472407176,14.405589839684565,32.69733769276422
S-Vw4.parquet,120,126.0,zupt_v1,6498.9,3364.454745929615,8.055555555555555,32.69733769276422
S-Vw4.parquet,120,126.0,gyro_only,3321.9,1482.5031071228982,2.593804265425839,69.37950589662626
S-Vw4.parquet,120,126.0,zupt_v1,3321.9,1811.3404787303577,2.084382658456356,69.37950589662626
S-Vw4.parquet,300,305.1,gyro_only,8843.9,4068.8148891619862,23.189651337889398,117.67174336043479
S-Vw4.parquet,300,305.1,zupt_v1,8843.9,119.01586067386286,3.0288591313571978,117.67174336043479
S-Vw4.parquet,300,305.9,gyro_only,4870.0,33789.548810794666,295.93780793363493,23.235648440973506
S-Vw4.parquet,300,305.9,zupt_v1,4870.0,8780.273493043043,8.533333333333333,23.235648440973506
S-Vw4.parquet,300,306.0,gyro_only,1656.9,2886.5857502644603,4.1382157470688234,26.104154595694126
S-Vw4.parquet,300,306.0,zupt_v1,1656.9,3009.4677919163382,5.0472222222222225,26.104154595694126
S-Vw4.parquet,300,304.0,gyro_only,9500.9,4175.891472133241,0.1706900277377481,141.90919871491172
S-Vw4.parquet,300,304.0,zupt_v1,9500.9,4237.326469570249,0.7789861856021179,141.90919871491172
S-Vw4.parquet,300,306.1,gyro_only,10011.9,6158.125245334003,1.2687883926346109,13.342751294891997
S-Vw4.parquet,300,306.1,zupt_v1,10011.9,6396.911233216395,4.92454275916154,13.342751294891997
S-Vw4.parquet,300,306.0,gyro_only,2718.9,10335.793828240547,44.715301615445256,155.58302561307607
S-Vw4.parquet,300,306.0,zupt_v1,2718.9,6668.926574798278,7.852777777777778,155.58302561307607
S-Vw4.parquet,300,306.0,gyro_only,3267.9,6898.807616660739,4.977777777777778,13.99525955266148
S-Vw4.parquet,300,306.0,zupt_v1,3267.9,5568.971277311604,4.977777777777778,13.99525955266148
S-Vw4.parquet,300,304.0,gyro_only,8246.9,7809.99270537588,50.6854761203485,24.3490933538842
S-Vw4.parquet,300,304.0,zupt_v1,8246.9,3628.145718586207,0.4861111111111111,24.3490933538842
S-Vtb5.parquet,30,36.0,gyro_only,3771.3,627.8858676926349,5.2051143481856865,42.686801668337836
S-Vtb5.parquet,30,36.0,zupt_v1,3771.3,705.4579114054235,6.2,42.686801668337836
S-Vtb5.parquet,30,36.0,gyro_only,2817.3,295.4834097137144,6.397173127400166,47.95643165504018
S-Vtb5.parquet,30,36.0,zupt_v1,2817.3,540.914312352022,5.572222222222222,47.95643165504018
S-Vtb5.parquet,30,36.0,gyro_only,4041.3,557.7231527382891,7.3277311288291065,16.763293855950423
S-Vtb5.parquet,30,36.0,zupt_v1,4041.3,920.194538331703,7.698422803276272,16.763293855950423
S-Vtb5.parquet,30,36.0,gyro_only,1052.3,466.710665422798,3.708333333333333,17.082127659441426
S-Vtb5.parquet,30,36.0,zupt_v1,1052.3,520.3171027333543,3.708333333333333,17.082127659441426
S-Vtb5.parquet,30,36.0,gyro_only,2943.3,639.6263237586154,2.1603752963228766,16.977857151669753
S-Vtb5.parquet,30,36.0,zupt_v1,2943.3,980.0286818975621,7.3,16.977857151669753
S-Vtb5.parquet,30,36.0,gyro_only,845.3,79.15197502985201,10.2330868991167,10.75792645272196
S-Vtb5.parquet,30,36.0,zupt_v1,845.3,295.0764539844648,1.2194444444444443,10.75792645272196
S-Vtb5.parquet,30,36.0,gyro_only,3411.3,447.8906058275238,11.207017885356782,19.15257456773216
S-Vtb5.parquet,30,36.0,zupt_v1,3411.3,881.893019449957,6.761111111111111,19.15257456773216
S-Vtb5.parquet,30,36.0,gyro_only,5103.3,648.5954255754041,0.26278396239459845,9.868139170353174
S-Vtb5.parquet,30,36.0,zupt_v1,5103.3,887.6627256309922,7.038888888888889,9.868139170353174
S-Vtb5.parquet,60,66.0,gyro_only,2121.3,696.1164670027918,14.922288728234122,75.33712763845315
S-Vtb5.parquet,60,66.0,zupt_v1,2121.3,707.9093550766603,6.066666666666666,75.33712763845315
S-Vtb5.parquet,60,63.0,gyro_only,2925.3,783.6765227303313,10.770518160569992,20.41996123761436
S-Vtb5.parquet,60,63.0,zupt_v1,2925.3,1658.5931419213205,7.897222222222222,20.41996123761436
S-Vtb5.parquet,60,63.0,gyro_only,4572.3,752.5917682311748,2.095756390665069,20.68320756032989
S-Vtb5.parquet,60,63.0,zupt_v1,4572.3,1129.7001022549075,1.3083333333333333,20.68320756032989
S-Vtb5.parquet,60,63.0,gyro_only,3069.3,1615.0864493738975,1.1178881442086537,11.00477253075934
S-Vtb5.parquet,60,63.0,zupt_v1,3069.3,1750.0737774395654,6.226277553774056,11.00477253075934
S-Vtb5.parquet,60,63.1,gyro_only,3231.3,1022.9745343734575,0.9508470952232644,37.119000482220315
S-Vtb5.parquet,60,63.1,zupt_v1,3231.3,1595.4725908152998,7.677777777777778,37.119000482220315
S-Vtb5.parquet,60,63.0,gyro_only,3492.3,1027.8966885089892,7.307625261240881,15.599123126305699
S-Vtb5.parquet,60,63.0,zupt_v1,3492.3,1540.988816893493,6.722222222222221,15.599123126305699
S-Vtb5.parquet,60,63.0,gyro_only,4788.3,872.7624706202118,0.7616651664099603,7.950332068183968
S-Vtb5.parquet,60,63.0,zupt_v1,4788.3,1253.144423527905,5.894444444444444,7.950332068183968
S-Vtb5.parquet,60,63.0,gyro_only,5292.3,1115.7585653944457,16.410681773307438,80.91144260721842
S-Vtb5.parquet,60,63.0,zupt_v1,5292.3,1565.1960865405767,6.241666666666666,80.91144260721842
S-Vtb5.parquet,120,126.0,gyro_only,5526.3,1910.8140251583718,4.94113794889632,45.463941378662014
S-Vtb5.parquet,120,126.0,zupt_v1,5526.3,3093.2484277307312,6.388888888888888,45.463941378662014
S-Vtb5.parquet,120,126.0,gyro_only,1574.3,1645.6176406467114,0.8899725214029472,108.81716149259277
S-Vtb5.parquet,120,126.0,zupt_v1,1574.3,2067.8478460498945,3.944444444444444,108.81716149259277
S-Vtb5.parquet,120,126.0,gyro_only,4149.3,2503.123457913308,5.870700907970459,72.32364173128435
S-Vtb5.parquet,120,126.0,zupt_v1,4149.3,3160.9273410858364,6.594444444444444,72.32364173128435
S-Vtb5.parquet,120,126.0,gyro_only,3177.3,2076.307106522098,1.9361155453163956,69.44014674580578
S-Vtb5.parquet,120,126.0,zupt_v1,3177.3,3289.457942497914,7.697222222222222,69.44014674580578
S-Vtb5.parquet,120,126.0,gyro_only,809.3,19.04397745199037,17.952191641365125,58.90525156164212
S-Vtb5.parquet,120,126.0,zupt_v1,809.3,1179.5619944276596,2.8484450629446894,58.90525156164212
S-Vtb5.parquet,120,126.0,gyro_only,1376.3,760.5575902022463,8.233858877348455,70.9986766675816
S-Vtb5.parquet,120,126.0,zupt_v1,1376.3,1657.3484644452794,4.661111111111111,70.9986766675816
S-Vtb5.parquet,120,126.0,gyro_only,4365.3,2170.1169013230888,3.3662331199843396,1.425564885415298
S-Vtb5.parquet,120,126.0,zupt_v1,4365.3,2864.611003794352,6.019444444444445,1.425564885415298
S-Vtb5.parquet,120,126.0,gyro_only,5211.3,2337.5017710453903,13.847425305596886,72.51173443285029
S-Vtb5.parquet,120,126.0,zupt_v1,5211.3,3175.9029525633982,7.2,72.51173443285029
S-Vtb5.parquet,300,306.0,gyro_only,2511.3,1794.8236229992915,25.526014768452995,4.938610514828156
S-Vtb5.parquet,300,306.0,zupt_v1,2511.3,2020.9420418220561,3.6527777777777777,4.938610514828156
S-Vtb5.parquet,300,306.0,gyro_only,3870.3,7560.7594350522895,0.50132600607526,101.60197385327803
S-Vtb5.parquet,300,306.0,zupt_v1,3870.3,8085.555986526831,7.722744289515988,101.60197385327803
S-Vtb5.parquet,300,300.0,gyro_only,1736.3,947.6485188148514,14.437939080571349,56.50643932706913
S-Vtb5.parquet,300,300.0,zupt_v1,1736.3,3133.3092291648636,1.9583333333333333,56.50643932706913
S-Vtb5.parquet,300,306.0,gyro_only,3510.3,619.8612784533632,2.5407278576458516,47.90087966274541
S-Vtb5.parquet,300,306.0,zupt_v1,3510.3,3641.9726646969357,6.563888888888888,47.90087966274541
S-Vtb5.parquet,300,306.0,gyro_only,5355.3,6086.916114511972,4.91817697192377,108.10194704224921
S-Vtb5.parquet,300,306.0,zupt_v1,5355.3,7010.957258924639,5.802777777777778,108.10194704224921
S-Vtb5.parquet,300,306.0,gyro_only,2844.3,4041.4695498320775,16.65214299343205,40.68827729315473
S-Vtb5.parquet,300,306.0,zupt_v1,2844.3,7794.909033967143,7.9638888888888895,40.68827729315473
S-Vtb5.parquet,300,306.0,gyro_only,4617.3,4092.822395006151,0.1580851891097934,16.58054494757843
S-Vtb5.parquet,300,306.0,zupt_v1,4617.3,4875.99648254046,4.597222222222222,16.58054494757843
S-Vtb5.parquet,300,306.0,gyro_only,845.3,2489.938713769421,18.97807507384828,18.61405296117576
S-Vtb5.parquet,300,306.0,zupt_v1,845.3,3261.6383356441456,3.3305555555555557,18.61405296117576
S-Vta1a.parquet,30,30.0,gyro_only,1677.0,294.07191587259996,1.5624554030538622,6.63746465850204
S-Vta1a.parquet,30,30.0,zupt_v1,1677.0,420.52548806772546,3.6623313705139964,6.63746465850204
S-Vta1a.parquet,30,30.0,gyro_only,596.0,310.600985363506,2.1459605616292428,22.767375222345095
S-Vta1a.parquet,30,30.0,zupt_v1,596.0,536.5886048481398,3.9972222222222222,22.767375222345095
S-Vta1a.parquet,30,30.0,gyro_only,853.0,35.79582257473819,21.29527911074698,7.8987737429500555
S-Vta1a.parquet,30,30.0,zupt_v1,853.0,421.73701114239884,6.788888888888889,7.8987737429500555
S-Vta1a.parquet,30,30.0,gyro_only,750.0,319.83738636808323,7.265464048503245,4.855572326068113
S-Vta1a.parquet,30,30.0,zupt_v1,750.0,609.028244180202,5.05,4.855572326068113
S-Vta1a.parquet,30,30.0,gyro_only,1069.0,202.91079200837035,11.406259336854765,37.36589830872106
S-Vta1a.parquet,30,30.0,zupt_v1,1069.0,653.9905181069953,4.3667304241190505,37.36589830872106
S-Vta1a.parquet,30,30.1,gyro_only,402.0,290.63613946689344,0.22242861408980907,5.572851215519677
S-Vta1a.parquet,30,30.1,zupt_v1,402.0,546.5623356667754,5.656009053330937,5.572851215519677
S-Vta1a.parquet,30,30.0,gyro_only,940.0,394.5900572663281,1.4760997106456832,15.113365714475293
S-Vta1a.parquet,30,30.0,zupt_v1,940.0,509.9759235695455,4.482914141031637,15.113365714475293
S-Vta1a.parquet,30,30.0,gyro_only,2148.0,417.50682960961853,2.6667649623919263,17.57569353490308
S-Vta1a.parquet,30,30.0,zupt_v1,2148.0,427.2511548510675,3.9166666666666665,17.57569353490308
S-Vta1a.parquet,60,60.0,gyro_only,712.0,718.5953409756534,23.490057278458934,35.12903935816246
S-Vta1a.parquet,60,60.0,zupt_v1,712.0,1226.3051376785245,5.230555555555555,35.12903935816246
S-Vta1a.parquet,60,60.0,gyro_only,1641.0,825.5878962498549,0.995859168704015,61.69618377416444
S-Vta1a.parquet,60,60.0,zupt_v1,1641.0,912.1874512990396,3.9972222222222222,61.69618377416444
S-Vta1a.parquet,60,60.0,gyro_only,1361.0,815.4325517930215,4.01262391367023,68.51627327581761
S-Vta1a.parquet,60,60.0,zupt_v1,1361.0,1047.8107029004223,1.2070293252977007,68.51627327581761
S-Vta1a.parquet,60,59.99,gyro_only,945.0,813.9343881973565,0.04050123011339091,58.87493600767493
S-Vta1a.parquet,60,59.99,zupt_v1,945.0,989.7003560056366,2.35,58.87493600767493
S-Vta1a.parquet,60,60.0,gyro_only,1539.0,781.1675654826635,1.2744467673771718,6.00146311475541
S-Vta1a.parquet,60,60.0,zupt_v1,1539.0,1044.2808518515828,5.227777777777778,6.00146311475541
S-Vta1a.parquet,60,60.0,gyro_only,1997.0,1120.3075071902542,51.435758531214944,14.854486600919614
S-Vta1a.parquet,60,60.0,zupt_v1,1997.0,723.5117839898659,1.3663944965564125,14.854486600919614
S-Vta1a.parquet,60,60.0,gyro_only,817.0,455.8762622306512,37.764210491280245,23.55981009868907
S-Vta1a.parquet,60,60.0,zupt_v1,817.0,545.5891862496504,5.838888888888889,23.55981009868907
S-Vta1a.parquet,60,60.0,gyro_only,1422.0,503.38425245034273,10.813135177882483,33.30271715866601
S-Vta1a.parquet,60,60.0,zupt_v1,1422.0,794.6601085127986,4.876625900204621,33.30271715866601
S-Vta1a.parquet,120,120.0,gyro_only,363.0,1872.8081741946187,0.8076083654118618,12.715650818998341
S-Vta1a.parquet,120,120.0,zupt_v1,363.0,2495.8244559548057,6.281066168016813,12.715650818998341
S-Vta1a.parquet,120,120.1,gyro_only,1263.0,1637.3678733653815,38.81878854547287,41.10829010222858
S-Vta1a.parquet,120,120.1,zupt_v1,1263.0,2074.011627555633,4.219444444444444,41.10829010222858
S-Vta1a.parquet,120,120.0,gyro_only,1800.0,1861.637314434922,27.719735359078395,89.68614983814734
S-Vta1a.parquet,120,120.0,zupt_v1,1800.0,1551.564896511355,4.172222222222222,89.68614983814734
S-Vta1a.parquet,120,120.0,gyro_only,994.0,2190.8412178849453,64.02796644316619,13.924797683705947
S-Vta1a.parquet,120,120.0,zupt_v1,994.0,2388.679313749003,4.652777777777778,13.924797683705947
S-Vta1a.parquet,120,120.0,gyro_only,850.0,795.1828553212939,2.010740625000447,7.020576234667033
S-Vta1a.parquet,120,120.0,zupt_v1,850.0,1979.4349492490671,4.482914141031637,7.020576234667033
S-Vta1a.parquet,120,120.0,gyro_only,1612.0,872.9066654596402,2.1944444444444446,84.94609388241497
S-Vta1a.parquet,120,120.0,zupt_v1,1612.0,1453.9306108663795,2.1944444444444446,84.94609388241497
S-Vta1a.parquet,120,120.0,gyro_only,678.0,1227.8477243423881,46.06459169783142,38.528093607919686
S-Vta1a.parquet,120,120.0,zupt_v1,678.0,2187.830044551127,2.1506616329240615,38.528093607919686
S-Vta1a.parquet,120,120.0,gyro_only,2148.0,1665.3073954253846,3.5803203437714908,90.37047063890839
S-Vta1a.parquet,120,120.0,zupt_v1,2148.0,1711.0053455372313,4.283532568861737,90.37047063890839
S-Vta1a.parquet,300,300.0,gyro_only,1086.0,13998.34086621716,101.97031671095564,105.19043675366845
S-Vta1a.parquet,300,300.0,zupt_v1,1086.0,4983.864971604549,2.008604925913948,105.19043675366845
S-Vta1a.parquet,300,300.0,gyro_only,1948.0,16839.514893324606,41.20168859734543,165.0476135991139
S-Vta1a.parquet,300,300.0,zupt_v1,1948.0,1481.9628200741113,4.968080042621207,165.0476135991139
S-Vta1a.parquet,300,300.0,gyro_only,1423.0,2245.7509335846703,5.570014753973393,74.70351363344668
S-Vta1a.parquet,300,300.0,zupt_v1,1423.0,4409.314993066358,1.4055555555555554,74.70351363344668
S-Vta1a.parquet,300,300.0,gyro_only,303.0,4628.56319811118,48.95626224237757,105.28771854703791
S-Vta1a.parquet,300,300.0,zupt_v1,303.0,5739.83481974141,6.002777777777777,105.28771854703791
S-Vta1a.parquet,300,300.0,gyro_only,783.0,6525.750523698142,70.09052288841319,45.162443560359605
S-Vta1a.parquet,300,300.0,zupt_v1,783.0,4593.799921498186,6.077787350460148,45.162443560359605
