session,duration_s,actual_dur_s,window_idx,s_gnss,e_gnss,dist_travelled_m,pos_err_gyro,pos_err_zupt,pos_err_hybrid,pos_err_ekf,vel_err_gyro,vel_err_zupt,vel_err_ekf,head_err_gyro,head_err_ekf,drift_pct_gyro,drift_pct_zupt,drift_pct_hybrid,drift_pct_ekf
S-Vw4.parquet,30,36.0,0,33129,33489,545.0016304594144,189.64514191160328,519.1032193253455,187.36490475017067,539.6433377414858,6.347623395208746,3.9055555555555554,3.814071868962822,38.218302977730815,25.00980097978971,34.79716964364676,95.24801217342458,34.37877875562126,99.01682996555225
S-Vw4.parquet,30,36.1,1,44019,44380,1086.518081035141,428.2799421785269,1064.9682253829108,880.9812373426295,1084.7867552417868,38.016393587793395,8.358333333333333,8.327083863657176,35.3203141340949,34.07907189963982,39.41765440023774,98.01661325031063,81.08297990801094,99.84065375224085
S-Vw4.parquet,30,36.0,2,59229,59589,1117.630484402444,142.58196951504183,1004.2287946418699,771.7415600764316,1100.493501298971,41.862089977147505,8.372222222222222,8.29851371818328,1.928613428936842,20.81059012068818,12.757523305323511,89.85338254967108,69.05158465582241,98.46666824655956
S-Vw4.parquet,30,36.0,3,42039,42399,941.6986817146114,751.1190721640905,926.1373766235853,784.369396570973,938.8170568701775,28.855263198794777,8.816666666666666,8.782537545184375,63.07739338349688,81.69213615032976,79.7621454451311,98.34752820693211,83.29303330262935,99.69399714575503
S-Vw4.parquet,30,35.9,4,21520,21879,436.512084344165,339.2956864742337,424.0864590844162,93.87043749030927,438.43814693589877,1.5675543078580754,3.9166666666666665,3.8419616252633237,21.62582388650489,6.089733755582815,77.72881866123055,97.15342926223506,21.50465951735205,100.44123923731175
S-Vw4.parquet,30,35.9,5,62290,62649,936.3480589469449,648.5487904100215,927.1566526236835,596.3904527294122,931.780588758005,8.200982380687467,7.174999999999999,7.1404205317578695,74.36124543908333,86.1926408511467,69.26364445496965,99.01837716910543,63.69324387772397,99.51220380655495
S-Vw4.parquet,30,36.0,6,39339,39699,881.2117879907764,536.994967287445,872.0304015205171,532.0140919165174,875.9787481849606,4.238939153317287,9.258333333333333,8.075874098665546,19.962681013611814,33.90712836674505,60.93824147675447,98.9580953642037,60.373011251874665,99.40615413035412
S-Vw4.parquet,30,35.9,7,23410,23769,726.8332260566466,685.5126911160335,715.6615087802794,226.6391205174946,727.0019055812014,6.041666666666666,6.041666666666666,5.975173974293173,15.97520330922427,9.359834463032513,94.31499091410652,98.46296001945618,31.181722628050473,100.02320745922279
S-Vw4.parquet,60,63.1,0,60759,61390,1827.7903210738964,1008.4323700349703,1754.9504668157563,1406.4413894489862,1824.0772676597996,69.54316558893721,7.8805555555555555,7.771385801754467,52.46293287577467,51.727475136327634,55.17221304916846,96.01486814880693,76.94763306453271,99.7968556146027
S-Vw4.parquet,60,62.9,1,61570,62199,1826.9167970059377,713.2743248839996,1806.5893693919797,1106.138717130551,1824.685286788981,28.12773250079421,8.041666666666666,7.912301498599481,67.43044555125073,57.92187781923463,39.04251830477211,98.88733697958922,60.54674843120159,99.87785375772921
S-Vw4.parquet,60,63.0,2,49600,50230,1981.2426984425763,1537.9710521135316,1922.1125934652005,1557.1524777211432,1975.2876161251086,60.42319656835648,8.527777777777777,8.439067657835597,66.66659198136927,35.648536773200256,77.62658523978443,97.01550420734134,78.59473647247741,99.69942691412066
S-Vw4.parquet,60,63.0,3,59049,59679,1865.8557593063538,997.1628240311807,1766.6379800113243,1360.7517800588962,1852.03257132973,60.13673708639518,8.133333333333333,8.08878923605668,32.23585127946666,19.17145098531341,53.442653273578,94.68245180260266,72.92909825809718,99.25915023668482
S-Vw4.parquet,60,62.9,4,53200,53829,1821.4105997666672,155.08198180278498,1785.0706072079004,1211.82628686093,1817.908397521339,50.72920083275367,8.519444444444444,8.46125332877323,28.79971555507376,24.05714609115138,8.514388893017962,98.0048434678363,66.53229573914699,99.80772033248424
S-Vw4.parquet,60,63.0,5,66069,66699,1703.2063280198465,1502.483219014846,1684.641490687205,1025.6655297912382,1700.7582776316021,1.4131292145208079,6.358333333333333,6.321140019789738,73.24982769888427,99.46801881115627,88.21498571823874,98.9100065548591,60.21968759261718,99.85626812512548
S-Vw4.parquet,60,63.0,6,17559,18189,1010.4155789499239,911.8514351294172,995.4831259404361,390.45470107892214,1024.8350944708154,2.7055610880349747,2.7055610880349747,4.643152211746649,55.03650544328494,65.92574356544421,90.2451876362655,98.52214738959128,38.64298108751479,101.42708760843504
S-Vw4.parquet,60,63.1,7,69219,69850,1402.1656901707186,661.1139827321812,1402.0850714142184,418.30735851040976,1402.0568970288148,3.157917331945863,6.175,6.146281403241889,26.171495968957686,26.979019532542118,47.149490774637925,99.99425041155511,29.8329478065805,99.99224106375827
S-Vw4.parquet,120,126.0,0,28809,30069,2966.5526703290943,1667.6419707225812,2944.0889613401164,1351.3795632490749,2964.742692856424,24.07248761694015,5.9395647463226195,5.432871816810796,34.93108467209663,70.99092018774981,56.21481079375481,99.24276722899089,45.553870550330046,99.93898717893084
S-Vw4.parquet,120,127.0,1,111789,113059,193.9700221371563,393.7327959107724,171.54431384125635,1035.0622034073217,193.6566094640301,14.792057107059552,3.0527777777777776,3.0278906274789787,119.25988736329157,142.2805103932061,202.98641592790236,88.43857001777177,533.6196758669382,99.83842210787368
S-Vw4.parquet,120,125.9,2,53560,54819,3785.7361050649038,5678.542902948569,3729.3152561471816,3367.76370689927,3776.720528423413,98.01086862453914,7.708333333333333,7.6372649610347585,158.7808048778293,163.62495504286312,149.99838196199929,98.50964654292102,88.95928330539384,99.76185406506731
S-Vw4.parquet,120,126.1,3,40689,41950,2299.3096120410037,1925.828164445019,2265.28596723607,1314.4094385126511,2324.575940185992,4.0777777777777775,4.0777777777777775,0.6299399000725137,131.1391829292935,98.76766822427781,83.7568004917589,98.52026692591728,57.165395718321875,101.09886585141356
S-Vw4.parquet,120,127.1,4,13409,14680,982.7590689101136,2553.0542318079933,930.7409739275769,1230.8798652367886,981.6043989332568,30.984133898041538,5.8805555555555555,5.823518538250904,104.72476780041183,28.91374316044125,259.7843472092654,94.70693310007049,125.24736776042604,99.88250731909935
S-Vw4.parquet,120,126.0,5,21699,22959,1745.6346474443937,519.6041627046968,1628.5429882498418,778.5563055717583,1730.1290115617944,36.11972890689145,3.411925935210658,3.074815016054396,36.28619205140427,33.40989850840476,29.76591713881232,93.29231581385177,44.60018633976838,99.11174793045615
S-Vw4.parquet,120,126.0,6,64989,66249,3373.046550114933,956.5736472407176,3364.454745929615,1728.657874827037,3375.0826439227585,14.405589839684565,8.055555555555555,8.019307558845538,32.69733769276422,19.72984835349291,28.35933726464947,99.74528059255438,51.24915559698204,100.06036364389207
S-Vw4.parquet,120,126.0,7,33219,34479,1861.5898365188928,1482.5031071228982,1811.3404787303577,1402.930283725507,1848.499254574065,2.593804265425839,2.084382658456356,1.35928060985349,69.37950589662626,36.448728939585905,79.63639884793993,97.3007288285104,75.3619436571988,99.29680632714955
S-Vw4.parquet,300,305.1,0,88439,91490,202.76404750605207,4068.8148891619862,119.01586067386286,1854.1543654183824,210.01372693788454,23.189651337889398,3.0288591313571978,2.2350311116067125,117.67174336043479,91.07082936441755,2006.6747232595762,58.69672761898802,914.4394128170281,103.5754264727903
S-Vw4.parquet,300,305.9,1,48700,51759,9059.95062913931,33789.548810794666,8780.273493043043,6599.327478306652,9033.516670983594,295.93780793363493,8.533333333333333,8.475113136227533,23.235648440973506,77.36182575351364,372.9551097344628,96.91303907113193,72.84065607467426,99.70823286750927
S-Vw4.parquet,300,306.0,2,16569,19629,3085.1507765955284,2886.5857502644603,3009.4677919163382,3354.8721459401736,3042.3754499636184,4.1382157470688234,5.0472222222222225,4.58754337035431,26.104154595694126,12.205423003107196,93.56384693294682,97.54686269295705,108.74256685899428,98.6135093637429
S-Vw4.parquet,300,304.0,3,95009,98049,4254.457536075594,4175.891472133241,4237.326469570249,4152.741232528146,4249.168051640035,0.1706900277377481,0.7789861856021179,0.2745312628674377,141.90919871491172,178.43967673075707,98.15332358411963,99.59733840659867,97.60918277630117,99.87567194194071
S-Vw4.parquet,300,306.1,4,100119,103180,6407.700289590135,6158.125245334003,6396.911233216395,5106.59262768891,6389.921057586961,1.2687883926346109,4.92454275916154,4.814572886101451,13.342751294891997,32.04525424902522,96.1050761899462,99.8316235796598,79.6946236075525,99.72253333958116
S-Vw4.parquet,300,306.0,5,27189,30249,6673.813094464783,10335.793828240547,6668.926574798278,6934.385285564521,6677.893465138437,44.715301615445256,7.852777777777778,6.621497146891878,155.58302561307607,171.24720803893584,154.87089137711973,99.92678069347556,103.90439749228003,100.06114002019385
S-Vw4.parquet,300,306.0,6,32679,35739,5613.382187421157,6898.807616660739,5568.971277311604,4658.2209209246275,5602.155381749302,4.977777777777778,4.977777777777778,3.342823875739814,13.99525955266148,11.564520171871123,122.89930359846241,99.20883865329762,82.98421104059298,99.7999992643114
S-Vw4.parquet,300,304.0,7,82469,85509,3733.5350147192744,7809.99270537588,3628.145718586207,2938.2144721933523,3762.803941292859,50.6854761203485,0.4861111111111111,0.47783889404797725,24.3490933538842,179.04282691623956,209.18493263315804,97.17722491639759,78.69792195893676,100.78394675443496
S-Vtb5.parquet,30,36.0,0,37713,38073,705.4579114054235,627.8858676926349,705.4579114054235,419.52132916335034,705.4523066389943,5.2051143481856865,6.2,6.149335542651959,42.686801668337836,39.59059862216963,89.00401534114934,100.0,59.46794590871819,99.99920551370414
S-Vtb5.parquet,30,36.0,1,28173,28533,546.8386461554843,295.4834097137144,540.914312352022,318.5340433607948,544.7036441635796,6.397173127400166,5.572222222222222,5.564339395576317,47.95643165504018,59.9276140772447,54.034844060691846,98.91662122911154,58.25009728193662,99.60957368194171
S-Vtb5.parquet,30,36.0,2,40413,40773,978.9772249913999,557.7231527382891,920.194538331703,619.1137248779207,962.6313153029339,7.3277311288291065,7.698422803276272,6.67571864302027,16.763293855950423,27.603785528855703,56.96998239598358,93.99550008324114,63.24087109210937,98.33030746056328
S-Vtb5.parquet,30,36.0,3,10523,10883,522.7334785593896,466.710665422798,520.3171027333543,240.15662215263214,522.8755326737961,3.708333333333333,3.708333333333333,3.6719494615912245,17.082127659441426,9.453775240317126,89.28271950536134,99.5377422864335,45.94246054690891,100.02717524708729
S-Vtb5.parquet,30,36.0,4,29433,29793,980.0286818975621,639.6263237586154,980.0286818975621,674.9000412406552,979.9654978460917,2.1603752963228766,7.3,7.289763482059194,16.977857151669753,14.663518198416991,65.266082062022,100.0,68.86533564853355,99.99355283649983
S-Vtb5.parquet,30,36.0,5,8453,8813,296.78383147187344,79.15197502985201,295.0764539844648,114.25415332438467,297.9202459959977,10.2330868991167,1.2194444444444443,1.198478478943707,10.75792645272196,7.168469328749118,26.66990807326151,99.42470670354882,38.49743187078325,100.3829098500711
S-Vtb5.parquet,30,36.0,6,34113,34473,881.893019449957,447.8906058275238,881.893019449957,475.0287144409442,881.7721341221095,11.207017885356782,6.761111111111111,6.724949429448875,19.15257456773216,18.984580981055203,50.787407990469916,100.0,53.86466430329872,99.9862925178926
S-Vtb5.parquet,30,36.0,7,51033,51393,887.6627256309922,648.5954255754041,887.6627256309922,460.728707309851,887.6337942835111,0.26278396239459845,7.038888888888889,6.981300192175199,9.868139170353174,11.592097161906684,73.06777752939351,100.0,51.903577113970115,99.9967407274581
S-Vtb5.parquet,60,66.0,0,21213,21873,710.2303750731702,696.1164670027918,707.9093550766603,594.8209278330787,709.1364049841602,14.922288728234122,6.066666666666666,6.0182800238845795,75.33712763845315,73.81348316690263,98.01277042411424,99.67320181197957,83.75042080843112,99.84596968428768
S-Vtb5.parquet,60,63.0,1,29253,29883,1658.5931419213205,783.6765227303313,1658.5931419213205,1093.4376594807577,1658.4710839267757,10.770518160569992,7.897222222222222,7.876229318713093,20.41996123761436,24.012746199523423,47.249473238658,100.0,65.92561079892778,99.99264087186546
S-Vtb5.parquet,60,63.0,2,45723,46353,1136.9859523621117,752.5917682311748,1129.7001022549075,627.0269662975905,1132.7986333954814,2.095756390665069,1.3083333333333333,1.2936742577356861,20.68320756032989,14.789619732815972,66.19182643968907,99.35919611917213,55.148171795344446,99.6317176163935
S-Vtb5.parquet,60,63.0,3,30693,31323,1756.4872525574667,1615.0864493738975,1750.0737774395654,1163.013783479281,1754.2863578120173,1.1178881442086537,6.226277553774056,5.213339862482444,11.00477253075934,12.337601779824071,91.94979622096956,99.63486924778057,66.21248072173134,99.87469907668019
S-Vtb5.parquet,60,63.1,4,32313,32944,1595.8556480891316,1022.9745343734575,1595.4725908152998,942.0086613433605,1595.9819140747602,0.9508470952232644,7.677777777777778,7.633833764513141,37.119000482220315,35.80301064490312,64.10194653873371,99.97599674668002,59.028437971273675,100.00791211822822
S-Vtb5.parquet,60,63.0,5,34923,35553,1553.9739945774836,1027.8966885089892,1540.988816893493,921.3984955290697,1554.5994283578755,7.307625261240881,6.722222222222221,6.684402226123366,15.599123126305699,22.029329741362282,66.1463249768519,99.16438899690074,59.293044719168066,100.0402473775349
S-Vtb5.parquet,60,63.0,6,47883,48513,1255.7799698687095,872.7624706202118,1253.144423527905,609.4243022621139,1255.7663647691643,0.7616651664099603,5.894444444444444,5.841123513102684,7.950332068183968,8.418757346415157,69.49963302181497,99.79012674162337,48.52954473591648,99.99891660164425
S-Vtb5.parquet,60,63.0,7,52923,53553,1576.1257875303431,1115.7585653944457,1565.1960865405767,1098.721723471781,1575.3634396230916,16.410681773307438,6.241666666666666,6.214470368776324,80.91144260721842,75.95461156165965,70.79121312663412,99.30654640154754,69.71028151207307,99.95163153136109
S-Vtb5.parquet,120,126.0,0,55263,56523,3099.0966989246335,1910.8140251583718,3093.2484277307312,1700.1141651988066,3098.4270028603396,4.94113794889632,6.388888888888888,6.371320649412772,45.463941378662014,34.726469350564535,61.657128214857316,99.81129110311622,54.858377468142095,99.97839060444528
S-Vtb5.parquet,120,126.0,1,15743,17003,2077.3013483339964,1645.6176406467114,2067.8478460498945,1313.0918912382228,2076.3852388237356,0.8899725214029472,3.944444444444444,3.919969744453336,108.81716149259277,98.79673600902004,79.21901374427466,99.5449142565818,63.21143017075147,99.95589905571497
S-Vtb5.parquet,120,126.0,2,41493,42753,3164.1850518711635,2503.123457913308,3160.9273410858364,1996.2890326773263,3164.0218358397046,5.870700907970459,6.594444444444444,6.5086884200257185,72.32364173128435,77.17820167399228,79.10799832750199,99.89704423945115,63.09014801447237,99.99484176719177
S-Vtb5.parquet,120,126.0,3,31773,33033,3291.8136314039166,2076.307106522098,3289.457942497914,1997.2623949587992,3292.2847306217677,1.9361155453163956,7.697222222222222,7.62382916275235,69.44014674580578,66.42234749022961,63.074868112645234,99.92843796247972,60.67361699656709,100.01431123601157
S-Vtb5.parquet,120,126.0,4,8093,9353,1185.6778142159133,19.04397745199037,1179.5619944276596,547.1393788126502,1187.7087853431983,17.952191641365125,2.8484450629446894,2.675861471885605,58.90525156164212,57.54512817331108,1.6061679845619883,99.48419210388127,46.14570436020789,100.17129199036488
S-Vtb5.parquet,120,126.0,5,13763,15023,1660.3428676005897,760.5575902022463,1657.3484644452794,616.379184264344,1660.4962286119317,8.233858877348455,4.661111111111111,4.605882896750524,70.9986766675816,83.5864125078838,45.80726096058403,99.81965151814471,37.123608399938,100.00923670732922
S-Vtb5.parquet,120,126.0,6,43653,44913,2869.420616738044,2170.1169013230888,2864.611003794352,1151.2890417976314,2872.1162848416157,3.3662331199843396,6.019444444444445,6.01177629396502,1.425564885415298,3.8845513843354476,75.62909699136674,99.83238382983534,40.12270055780168,100.09394468304322
S-Vtb5.parquet,120,126.0,7,52113,53373,3185.8934275263596,2337.5017710453903,3175.9029525633982,1877.6580505253498,3186.64294166254,13.847425305596886,7.2,5.721453036543285,72.51173443285029,74.48266454813017,73.37036922984299,99.68641528066686,58.93662463101379,100.02352602663053
S-Vtb5.parquet,300,306.0,0,25113,28173,2060.6851506908033,1794.8236229992915,2020.9420418220561,447.48540332407396,2054.8976437450638,25.526014768452995,3.6527777777777777,3.6128950567772633,4.938610514828156,95.0159543845415,87.09839163918917,98.07136432970248,21.71536991830428,99.71914647204599
S-Vtb5.parquet,300,306.0,1,38703,41763,8096.436326562691,7560.7594350522895,8085.555986526831,7108.342749402777,8097.88596555745,0.50132600607526,7.722744289515988,7.662220512131369,101.60197385327803,92.01859479341137,93.38379417926183,99.86561569069389,87.79594456985738,100.01790465503943
S-Vtb5.parquet,300,300.0,2,17363,20363,3194.887859967816,947.6485188148514,3133.3092291648636,948.284330533709,3185.4177624513795,14.437939080571349,1.9583333333333333,1.8231519226174422,56.50643932706913,100.84243110001822,29.661401600004755,98.07258866345397,29.681302508791703,99.7035859181445
S-Vtb5.parquet,300,306.0,3,35103,38163,3642.4596303973085,619.8612784533632,3641.9726646969357,2063.900327134925,3642.753545399636,2.5407278576458516,6.563888888888888,6.5121336256005256,47.90087966274541,63.54595359223777,17.01765678555374,99.98663085525207,56.66227045898107,100.00806913547852
S-Vtb5.parquet,300,306.0,4,53553,56613,7019.316989598857,6086.916114511972,7010.957258924639,5403.09957926744,7018.682200209994,4.91817697192377,5.802777777777778,5.785791796786912,108.10194704224921,110.78025775871028,86.71664384913083,99.88090393001762,76.9747197237807,99.9909565362299
S-Vtb5.parquet,300,306.0,5,28443,31503,7812.058161588555,4041.4695498320775,7794.909033967143,4940.624763090362,7803.516457065704,16.65214299343205,7.9638888888888895,7.917453045650077,40.68827729315473,61.292819663523275,51.733736055675486,99.78047875135219,63.24357372789584,99.8906599983491
S-Vtb5.parquet,300,306.0,6,46173,49233,4883.622283636854,4092.822395006151,4875.99648254046,2550.249650837166,4881.593287250135,0.1580851891097934,4.597222222222222,4.569664427412846,16.58054494757843,7.740358709804814,83.8071037704867,99.84384949012242,52.220452416684125,99.95845304430038
S-Vtb5.parquet,300,306.0,7,8453,11513,3273.1931422187386,2489.938713769421,3261.6383356441456,2076.1441250459243,3272.3941308690632,18.97807507384828,3.3305555555555557,2.8400133983654836,18.61405296117576,8.096222415430798,76.07063211924037,99.64698671686814,63.428708140290404,99.97558923916314
S-Vta1a.parquet,30,30.0,0,16770,17070,434.3502616558877,294.07191587259996,420.52548806772546,57.39616415180736,432.3282477921826,1.5624554030538622,3.6623313705139964,3.590942285743904,6.63746465850204,20.145019396321736,67.70386525185917,96.81713704155314,13.21425798916158,99.53447389302897
S-Vta1a.parquet,30,30.0,1,5960,6260,538.8351501260395,310.600985363506,536.5886048481398,84.56354825497928,538.6037310262732,2.1459605616292428,3.9972222222222222,3.976952192503604,22.767375222345095,20.20547494966567,57.643044499018494,99.58307373277816,15.69376983576497,99.95705196668922
S-Vta1a.parquet,30,30.0,2,8530,8830,426.4656199996393,35.79582257473819,421.73701114239884,147.24324012852054,425.4502198246271,21.29527911074698,6.788888888888889,6.7477603309230325,7.8987737429500555,9.518951197118685,8.393601006985854,98.891209833692,34.52640335430675,99.76190339211563
S-Vta1a.parquet,30,30.0,3,7500,7800,609.9134826859882,319.83738636808323,609.028244180202,221.34489483991962,609.7326110055291,7.265464048503245,5.05,5.045567299586074,4.855572326068113,1.8248415720300577,52.43979604444166,99.85485834779585,36.291195575008835,99.97034469878209
S-Vta1a.parquet,30,30.0,4,10690,10990,657.0239094226353,202.91079200837035,653.9905181069953,232.00180380269177,657.1950186200369,11.406259336854765,4.3667304241190505,4.840815795162946,37.36589830872106,34.340937284533354,30.883319328010415,99.53831340501664,35.31101387262529,100.02604307011475
S-Vta1a.parquet,30,30.1,5,4020,4321,549.0518409956449,290.63613946689344,546.5623356667754,178.36727436105556,551.2723626616086,0.22242861408980907,5.656009053330937,4.062759073720938,5.572851215519677,1.9964846328528456,52.93418904485539,99.54658100693096,32.48641768281957,100.40442841643824
S-Vta1a.parquet,30,30.0,6,9400,9700,517.5180851146614,394.5900572663281,509.9759235695455,159.5601927167092,514.4704039593978,1.4760997106456832,4.482914141031637,3.4061199383078398,15.113365714475293,29.99347627552766,76.2466218313709,98.54262841008834,30.831809999713734,99.41109668571517
S-Vta1a.parquet,30,30.0,7,21480,21780,429.7933857567986,417.50682960961853,427.2511548510675,155.45565995331117,430.66783546854396,2.6667649623919263,3.9166666666666665,3.852893191927751,17.57569353490308,13.608283580479648,97.14128775491847,99.4084992952475,36.16985861231395,100.2034581593678
S-Vta1a.parquet,60,60.0,0,7120,7720,1240.6898709346779,718.5953409756534,1226.3051376785245,753.0083647494666,1239.6826066270705,23.490057278458934,5.230555555555555,5.212884290154913,35.12903935816246,6.677193596217683,57.91901407515297,98.84058590360566,60.69271478634586,99.91881417498408
S-Vta1a.parquet,60,60.0,1,16410,17010,916.9282922081554,825.5878962498549,912.1874512990396,762.1156473646784,917.0858080602214,0.995859168704015,3.9972222222222222,3.937647312122105,61.69618377416444,119.00512163273888,90.03843629491095,99.48296492218614,83.11616664475956,100.01717864454665
S-Vta1a.parquet,60,60.0,2,13610,14210,1090.6804825120323,815.4325517930215,1047.8107029004223,594.3451587147885,1088.3059686665267,4.01262391367023,1.2070293252977007,0.4398281674325375,68.51627327581761,81.19678054915347,74.7636512129505,96.06944652453363,54.493058988816344,99.78229060814982
S-Vta1a.parquet,60,59.99,3,9450,10050,1001.1443106476784,813.9343881973565,989.7003560056366,478.4525214776353,997.6145728596563,0.04050123011339091,2.35,2.286977705584298,58.87493600767493,78.95868813217106,81.30040589960416,98.85691258289845,47.79056489549505,99.64742967117911
S-Vta1a.parquet,60,60.0,4,15390,15990,1061.4581868186126,781.1675654826635,1044.2808518515828,342.19653780756596,1055.3355955466725,1.2744467673771718,5.227777777777778,4.6960018323167025,6.00146311475541,11.176048388496168,73.59381416840995,98.38172288081235,32.23834363491911,99.42319053656831
S-Vta1a.parquet,60,60.0,5,19970,20570,801.3381714840118,1120.3075071902542,723.5117839898659,368.648602740867,770.6228275493387,51.435758531214944,1.3663944965564125,0.7508767057871912,14.854486600919614,31.486204076255124,139.80458526211694,90.28794705361184,46.00412358469838,96.1669935331059
S-Vta1a.parquet,60,60.0,6,8170,8770,557.5030829677945,455.8762622306512,545.5891862496504,190.07094325408113,555.5809365665855,37.764210491280245,5.838888888888889,5.795252443791053,23.55981009868907,26.97510322193366,81.77107466452988,97.86298998478681,34.09325420090296,99.65522228308107
S-Vta1a.parquet,60,60.0,7,14220,14820,830.7969292371192,503.38425245034273,794.6601085127986,451.9374173446506,817.0389009146588,10.813135177882483,4.876625900204621,0.3203947572466026,33.30271715866601,25.949114847475204,60.5905287724855,95.65034252624123,54.398060637951914,98.34399624766382
S-Vta1a.parquet,120,120.0,0,3630,4830,2510.4263041592476,1872.8081741946187,2495.8244559548057,1026.9251228393277,2508.967831099643,0.8076083654118618,6.281066168016813,5.084417501981158,12.715650818998341,9.619463002654848,74.60120104269821,99.41835184804071,40.90640387004905,99.9419033708662
S-Vta1a.parquet,120,120.1,1,12630,13831,2137.8186279644024,1637.3678733653815,2074.011627555633,996.535948933303,2132.437610439945,38.81878854547287,4.219444444444444,4.1651073101438385,41.10829010222858,45.286870038671296,76.59058874065747,97.01532208700392,46.61461622131102,99.74829401081693
S-Vta1a.parquet,120,120.0,2,18000,19200,1620.1409670050487,1861.637314434922,1551.564896511355,1072.7311294889041,1588.6145455452604,27.719735359078395,4.172222222222222,4.150185890883912,89.68614983814734,178.3298246232774,114.90588487965326,95.7672775461964,66.21220939014508,98.05409392751378
S-Vta1a.parquet,120,120.0,3,9940,11140,2419.0961571911175,2190.8412178849453,2388.679313749003,1550.2215283007306,2414.994990237283,64.02796644316619,4.652777777777778,4.612539835359855,13.924797683705947,9.747720798300698,90.56445364407483,98.74263603157335,64.08267499795203,99.83046697248297
S-Vta1a.parquet,120,120.0,4,8500,9700,1994.0373393975503,795.1828553212939,1979.4349492490671,805.8206481282699,1991.9448487974444,2.010740625000447,4.482914141031637,3.938103285941133,7.020576234667033,3.6158141855146466,39.87803235226974,99.26769725621612,40.41151247306778,99.895062616995
S-Vta1a.parquet,120,120.0,5,16120,17320,1494.1981132032674,872.9066654596402,1453.9306108663795,501.8827958354106,1499.6839429164081,2.1944444444444446,2.1944444444444446,2.143663552724836,84.94609388241497,100.18057613582008,58.41974084603143,97.30507608187496,33.58877189046052,100.36714205865111
S-Vta1a.parquet,120,120.0,6,6780,7980,2219.0253481215573,1227.8477243423881,2187.830044551127,977.6588071342112,2219.4454970063257,46.06459169783142,2.1506616329240615,2.040411931468902,38.528093607919686,66.64487847868949,55.33274891978057,98.59418894890779,44.05802790679322,100.01893393805186
S-Vta1a.parquet,120,120.0,7,21480,22680,1739.4967265407977,1665.3073954253846,1711.0053455372313,1151.791980837661,1729.378306314081,3.5803203437714908,4.283532568861737,0.24739159539164746,90.37047063890839,63.871143279542885,95.73501174314092,98.36209056511277,66.21409303414674,99.4183133505035
S-Vta1a.parquet,300,300.0,0,10860,13860,5067.406696433338,13998.34086621716,4983.864971604549,3372.075472259338,5059.963153486539,101.97031671095564,2.008604925913948,1.271153337918228,105.19043675366845,64.42089297786264,276.24269581657626,98.351390961227,66.54440178706697,99.85310942277363
S-Vta1a.parquet,300,300.0,1,19480,22480,1692.294426830064,16839.514893324606,1481.9628200741113,2245.8600166748174,1623.4630996330352,41.20168859734543,4.968080042621207,4.899983808654068,165.0476135991139,71.88812317760059,995.0700437433745,87.57121672084348,132.71095035641463,95.93266241938994
S-Vta1a.parquet,300,300.0,2,14230,17230,4506.49134079441,2245.7509335846703,4409.314993066358,1584.3745143569106,4476.344297538075,5.570014753973393,1.4055555555555554,1.345499679415231,74.70351363344668,61.284773790396564,49.833690198299294,97.8436362043265,35.1576069838318,99.33103070711725
S-Vta1a.parquet,300,300.0,3,3030,6030,5766.860489036837,4628.56319811118,5739.83481974141,3354.699627642074,5765.135230972047,48.95626224237757,6.002777777777777,5.981339641014046,105.28771854703791,153.8027787228866,80.26140405009569,99.53136252651153,58.17202677296544,99.9700832356172
S-Vta1a.parquet,300,300.0,4,7830,10830,4636.613236100183,6525.750523698142,4593.799921498186,1912.7905700694068,4631.596626418181,70.09052288841319,6.077787350460148,5.141836802587534,45.162443560359605,50.32258366386897,140.7439049021673,99.07662527750522,41.25404627620481,99.89180443943559
